period,assignment,response,cost
Design,Treatment,86986356.379378,1022587.67203399
Design,Control,86988301.661539,1022587.67203399
Test,Treatment,87282648.029683,1025926.73946765
Test,Control,87289137.412946,1025926.73946765
